flops_per_byte,flops_per_second
1,42287.77132804999
10,408706.4196875
100,4318875.62
1000,41392879.34
10000,286226774.72
100000,706969628.16
1000000,837471020.16
10000000,854561070.72
50000000,856268345.6
